{
	"credit": "Made by StormDragon77",
	"textures": {
		"0": "block/jungle_door_top2",
		"1": "block/jungle_door_sides_v",
		"2": "block/jungle_door_top",
		"3": "block/jungle_door_sides_h",
		"particle": "block/jungle_door_top2"
	},
	"elements": [
		{
			"from": [0, 0, 0],
			"to": [3, 16, 3],
			"faces": {
				"north": {"uv": [13, 0, 16, 16], "texture": "#1", "cullface": "north"},
				"east": {"uv": [13, 0, 16, 16], "texture": "#2"},
				"south": {"uv": [0, 0, 3, 16], "texture": "#3"},
				"west": {"uv": [0, 0, 3, 16], "texture": "#0", "cullface": "west"},
				"up": {"uv": [0, 0, 3, 3], "texture": "#3", "cullface": "up"},
				"down": {"uv": [6, 13, 9, 16], "texture": "#3", "cullface": "down"}
			}
		},
		{
			"from": [0, 0, 13],
			"to": [3, 16, 16],
			"faces": {
				"north": {"uv": [0, 0, 3, 16], "texture": "#3"},
				"east": {"uv": [0, 0, 3, 16], "texture": "#2"},
				"south": {"uv": [3, 0, 6, 16], "texture": "#1", "cullface": "south"},
				"west": {"uv": [13, 0, 16, 16], "texture": "#0", "cullface": "west"},
				"up": {"uv": [0, 13, 3, 16], "texture": "#3", "cullface": "up"},
				"down": {"uv": [6, 0, 9, 3], "texture": "#3", "cullface": "down"}
			}
		},
		{
			"from": [0, 0, 3],
			"to": [3, 3, 13],
			"faces": {
				"east": {"uv": [3, 13, 13, 16], "texture": "#2"},
				"west": {"uv": [3, 13, 13, 16], "texture": "#0", "cullface": "west"},
				"up": {"uv": [0, 3, 3, 13], "texture": "#3"},
				"down": {"uv": [6, 3, 9, 13], "texture": "#3", "cullface": "down"}
			}
		},
		{
			"from": [0, 13, 3],
			"to": [3, 16, 13],
			"faces": {
				"east": {"uv": [3, 0, 13, 3], "texture": "#2"},
				"west": {"uv": [3, 0, 13, 3], "texture": "#0", "cullface": "west"},
				"up": {"uv": [0, 3, 3, 13], "texture": "#3", "cullface": "up"},
				"down": {"uv": [0, 3, 3, 13], "texture": "#3"}
			}
		},
		{
			"from": [0, 11, 3],
			"to": [3, 12, 4],
			"faces": {
				"east": {"uv": [12, 4, 13, 5], "texture": "#2"},
				"south": {"uv": [0, 4, 3, 5], "texture": "#3"},
				"west": {"uv": [3, 4, 4, 5], "texture": "#0", "cullface": "west"},
				"down": {"uv": [0, 12, 3, 13], "texture": "#3"}
			}
		},
		{
			"from": [0, 11, 12],
			"to": [3, 12, 13],
			"faces": {
				"north": {"uv": [0, 4, 3, 5], "texture": "#3"},
				"east": {"uv": [3, 4, 4, 5], "texture": "#2"},
				"west": {"uv": [12, 4, 13, 5], "texture": "#0", "cullface": "west"},
				"down": {"uv": [0, 3, 3, 4], "texture": "#3"}
			}
		},
		{
			"from": [0, 12, 3],
			"to": [3, 13, 7],
			"faces": {
				"east": {"uv": [9, 3, 13, 4], "texture": "#2"},
				"south": {"uv": [0, 3, 3, 4], "texture": "#3"},
				"west": {"uv": [3, 3, 7, 4], "texture": "#0", "cullface": "west"},
				"down": {"uv": [0, 9, 3, 13], "texture": "#3"}
			}
		},
		{
			"from": [0, 12, 9],
			"to": [3, 13, 13],
			"faces": {
				"north": {"uv": [0, 3, 3, 4], "texture": "#3"},
				"east": {"uv": [3, 3, 7, 4], "texture": "#2"},
				"west": {"uv": [9, 3, 13, 4], "texture": "#0", "cullface": "west"},
				"down": {"uv": [0, 3, 3, 7], "texture": "#3"}
			}
		},
		{
			"from": [0, 3, 9],
			"to": [3, 4, 12],
			"faces": {
				"north": {"uv": [0, 12, 3, 13], "texture": "#3"},
				"east": {"uv": [4, 12, 7, 13], "texture": "#2"},
				"west": {"uv": [9, 12, 12, 13], "texture": "#0", "cullface": "west"},
				"up": {"uv": [0, 9, 3, 12], "texture": "#3"}
			}
		},
		{
			"from": [0, 3, 4],
			"to": [3, 4, 7],
			"faces": {
				"east": {"uv": [9, 12, 12, 13], "texture": "#2"},
				"south": {"uv": [0, 12, 3, 13], "texture": "#3"},
				"west": {"uv": [4, 12, 7, 13], "texture": "#0", "cullface": "west"},
				"up": {"uv": [0, 4, 3, 7], "texture": "#3"}
			}
		},
		{
			"from": [0, 3, 3],
			"to": [3, 8, 4],
			"faces": {
				"east": {"uv": [12, 8, 13, 13], "texture": "#2"},
				"south": {"uv": [0, 8, 3, 13], "texture": "#3"},
				"west": {"uv": [3, 8, 4, 13], "texture": "#0", "cullface": "west"},
				"up": {"uv": [0, 3, 3, 4], "texture": "#3"}
			}
		},
		{
			"from": [1, 4, 4],
			"to": [2, 12, 12],
			"faces": {
				"east": {"uv": [4, 4, 12, 12], "texture": "#2"},
				"west": {"uv": [4, 4, 12, 12], "texture": "#0"}
			}
		},
		{
			"from": [0, 3, 12],
			"to": [3, 8, 13],
			"faces": {
				"north": {"uv": [0, 8, 3, 13], "texture": "#3"},
				"east": {"uv": [3, 8, 4, 13], "texture": "#2"},
				"west": {"uv": [12, 8, 13, 13], "texture": "#0", "cullface": "west"},
				"up": {"uv": [0, 12, 3, 13], "texture": "#3"}
			}
		},
		{
			"from": [-1, 0, 4],
			"to": [0, 1, 5],
			"faces": {
				"north": {"uv": [4, 15, 5, 16], "texture": "#0", "cullface": "west"},
				"south": {"uv": [4, 15, 5, 16], "texture": "#0", "cullface": "west"},
				"west": {"uv": [4, 15, 5, 16], "texture": "#0", "cullface": "west"},
				"down": {"uv": [4, 15, 5, 16], "texture": "#0", "cullface": "west"}
			}
		},
		{
			"from": [-1, 1, 2],
			"to": [0, 2, 5],
			"faces": {
				"north": {"uv": [2, 14, 3, 15], "texture": "#0", "cullface": "west"},
				"south": {"uv": [4, 14, 5, 15], "texture": "#0", "cullface": "west"},
				"west": {"uv": [2, 14, 5, 15], "texture": "#0", "cullface": "west"},
				"up": {"uv": [2, 14, 5, 15], "rotation": 90, "texture": "#0", "cullface": "west"},
				"down": {"uv": [2, 14, 5, 15], "rotation": 270, "texture": "#0", "cullface": "west"}
			}
		},
		{
			"from": [3, 0, 4],
			"to": [4, 1, 5],
			"faces": {
				"north": {"uv": [11, 15, 12, 16], "texture": "#2"},
				"east": {"uv": [11, 15, 12, 16], "texture": "#2"},
				"south": {"uv": [11, 15, 12, 16], "texture": "#2"},
				"down": {"uv": [11, 15, 12, 16], "texture": "#2"}
			}
		},
		{
			"from": [3, 1, 2],
			"to": [4, 2, 5],
			"faces": {
				"north": {"uv": [13, 14, 14, 15], "texture": "#2"},
				"east": {"uv": [11, 14, 14, 15], "texture": "#2"},
				"south": {"uv": [11, 14, 12, 15], "texture": "#2"},
				"up": {"uv": [11, 14, 14, 15], "rotation": 270, "texture": "#2"},
				"down": {"uv": [11, 14, 14, 15], "rotation": 90, "texture": "#2"}
			}
		}
	]
}