{
	"credit": "Made by StormDragon77",
	"textures": {
		"3": "block/mangrove_door_sides_h",
		"particle": "block/mangrove_door_top",
		"top": "block/mangrove_door_top",
		"topright": "block/mangrove_door_top2",
		"side": "block/mangrove_door_sides_v"
	},
	"elements": [
		{
			"from": [0, 0, 0],
			"to": [3, 16, 16],
			"faces": {
				"north": {"uv": [13, 0, 16, 16], "texture": "#side", "cullface": "north"},
				"east": {"uv": [0, 0, 16, 16], "texture": "#top"},
				"south": {"uv": [3, 0, 6, 16], "texture": "#side", "cullface": "south"},
				"west": {"uv": [0, 0, 16, 16], "texture": "#topright", "cullface": "west"},
				"up": {"uv": [0, 0, 3, 16], "texture": "#3", "cullface": "up"},
				"down": {"uv": [6, 0, 9, 16], "texture": "#3"}
			}
		},
		{
			"from": [-1, 0, 2],
			"to": [0, 3, 3],
			"faces": {
				"north": {"uv": [13, 13, 14, 16], "texture": "#top", "cullface": "west"},
				"south": {"uv": [13, 13, 14, 16], "texture": "#top", "cullface": "west"},
				"west": {"uv": [13, 13, 14, 16], "texture": "#top", "cullface": "west"},
				"up": {"uv": [13, 13, 14, 14], "texture": "#top", "cullface": "west"},
				"down": {"uv": [2, 15, 3, 16], "texture": "#topright"}
			}
		},
		{
			"from": [-1, 2, 3],
			"to": [0, 3, 4],
			"faces": {
				"south": {"uv": [12, 13, 13, 14], "texture": "#top"},
				"west": {"uv": [12, 13, 13, 14], "texture": "#top", "cullface": "west"},
				"up": {"uv": [12, 13, 13, 14], "texture": "#top", "cullface": "west"},
				"down": {"uv": [12, 13, 13, 14], "texture": "#top", "cullface": "west"}
			}
		},
		{
			"from": [3, 2, 3],
			"to": [4, 3, 4],
			"faces": {
				"east": {"uv": [12, 13, 13, 14], "texture": "#top"},
				"south": {"uv": [12, 13, 13, 14], "texture": "#top"},
				"up": {"uv": [12, 13, 13, 14], "texture": "#top"},
				"down": {"uv": [12, 13, 13, 14], "texture": "#top"}
			}
		},
		{
			"from": [3, 0, 2],
			"to": [4, 3, 3],
			"faces": {
				"north": {"uv": [13, 13, 14, 16], "texture": "#top"},
				"east": {"uv": [13, 13, 14, 16], "texture": "#top"},
				"south": {"uv": [13, 13, 14, 16], "texture": "#top"},
				"west": {"uv": [13, 13, 14, 16], "texture": "#top"},
				"up": {"uv": [13, 13, 14, 14], "texture": "#top"},
				"down": {"uv": [13, 15, 14, 16], "texture": "#top"}
			}
		}
	]
}