{
	"credit": "Made by StormDragon77",
	"textures": {
		"3": "block/spruce_door_sides_h",
		"particle": "block/spruce_door_bottom",
		"bottom": "block/spruce_door_bottom",
		"bottomright": "block/spruce_door_bottom2",
		"side": "block/spruce_door_sides_v"
	},
	"elements": [
		{
			"from": [0, 0, 0],
			"to": [3, 16, 16],
			"faces": {
				"north": {"uv": [0, 0, 3, 16], "texture": "#side", "cullface": "north"},
				"east": {"uv": [0, 0, 16, 16], "texture": "#bottomright"},
				"south": {"uv": [10, 0, 13, 16], "texture": "#side", "cullface": "south"},
				"west": {"uv": [0, 0, 16, 16], "texture": "#bottom", "cullface": "west"},
				"up": {"uv": [12, 0, 15, 16], "texture": "#3"},
				"down": {"uv": [0, 0, 3, 16], "texture": "#3", "cullface": "down"}
			}
		},
		{
			"from": [-1, 13, 10],
			"to": [0, 15, 11],
			"faces": {
				"north": {"uv": [10, 1, 11, 3], "texture": "#bottom", "cullface": "west"},
				"south": {"uv": [10, 1, 11, 3], "texture": "#bottom", "cullface": "west"},
				"west": {"uv": [10, 1, 11, 3], "texture": "#bottom", "cullface": "west"},
				"up": {"uv": [10, 1, 11, 2], "texture": "#bottom", "cullface": "west"},
				"down": {"uv": [10, 2, 11, 3], "texture": "#bottom", "cullface": "west"}
			}
		},
		{
			"from": [-1, 15, 11],
			"to": [0, 16, 13],
			"faces": {
				"north": {"uv": [11, 0, 12, 1], "texture": "#bottom", "cullface": "west"},
				"south": {"uv": [12, 0, 13, 1], "texture": "#bottom", "cullface": "west"},
				"west": {"uv": [11, 0, 13, 1], "texture": "#bottom", "cullface": "west"},
				"up": {"uv": [11, 0, 13, 1], "rotation": 90, "texture": "#bottom", "cullface": "west"},
				"down": {"uv": [11, 0, 13, 1], "rotation": 270, "texture": "#bottom", "cullface": "west"}
			}
		},
		{
			"from": [-1, 13, 13],
			"to": [0, 15, 14],
			"faces": {
				"north": {"uv": [13, 1, 14, 3], "texture": "#bottom", "cullface": "west"},
				"south": {"uv": [13, 1, 14, 3], "texture": "#bottom", "cullface": "west"},
				"west": {"uv": [13, 1, 14, 3], "texture": "#bottom", "cullface": "west"},
				"up": {"uv": [13, 1, 14, 2], "texture": "#bottom", "cullface": "west"},
				"down": {"uv": [13, 2, 14, 3], "texture": "#bottom", "cullface": "west"}
			}
		},
		{
			"from": [-1, 12, 11],
			"to": [0, 13, 13],
			"faces": {
				"north": {"uv": [11, 3, 12, 4], "texture": "#bottom", "cullface": "west"},
				"south": {"uv": [12, 3, 13, 4], "texture": "#bottom", "cullface": "west"},
				"west": {"uv": [11, 3, 13, 4], "texture": "#bottom", "cullface": "west"},
				"up": {"uv": [11, 3, 13, 4], "rotation": 90, "texture": "#bottom", "cullface": "west"},
				"down": {"uv": [11, 3, 13, 4], "rotation": 270, "texture": "#bottom", "cullface": "west"}
			}
		},
		{
			"from": [3, 15, 11],
			"to": [4, 16, 13],
			"faces": {
				"north": {"uv": [4, 0, 5, 1], "texture": "#bottomright"},
				"east": {"uv": [3, 0, 5, 1], "texture": "#bottomright"},
				"south": {"uv": [3, 0, 4, 1], "texture": "#bottomright"},
				"up": {"uv": [3, 0, 5, 1], "rotation": 270, "texture": "#bottomright"},
				"down": {"uv": [3, 0, 5, 1], "rotation": 90, "texture": "#bottomright"}
			}
		},
		{
			"from": [3, 13, 10],
			"to": [4, 15, 11],
			"faces": {
				"north": {"uv": [5, 1, 6, 3], "texture": "#bottomright"},
				"east": {"uv": [5, 1, 6, 3], "texture": "#bottomright"},
				"south": {"uv": [5, 1, 6, 3], "texture": "#bottomright"},
				"up": {"uv": [5, 1, 6, 2], "texture": "#bottomright"},
				"down": {"uv": [5, 2, 6, 3], "texture": "#bottomright"}
			}
		},
		{
			"from": [3, 13, 13],
			"to": [4, 15, 14],
			"faces": {
				"north": {"uv": [2, 1, 3, 3], "texture": "#bottomright"},
				"east": {"uv": [2, 1, 3, 3], "texture": "#bottomright"},
				"south": {"uv": [2, 1, 3, 3], "texture": "#bottomright"},
				"up": {"uv": [2, 1, 3, 2], "texture": "#bottomright"},
				"down": {"uv": [2, 2, 3, 3], "texture": "#bottomright"}
			}
		},
		{
			"from": [3, 12, 11],
			"to": [4, 13, 13],
			"faces": {
				"north": {"uv": [4, 3, 5, 4], "texture": "#bottomright"},
				"east": {"uv": [3, 3, 5, 4], "texture": "#bottomright"},
				"south": {"uv": [3, 3, 4, 4], "texture": "#bottomright"},
				"up": {"uv": [3, 3, 5, 4], "rotation": 270, "texture": "#bottomright"},
				"down": {"uv": [3, 3, 5, 4], "rotation": 90, "texture": "#bottomright"}
			}
		}
	]
}