{
	"credit": "Made with Blockbench",
	"ambientocclusion": false,
	"textures": {
		"0": "block/pitcher_crop_bottom_stage_3",
		"pt": "block/pitcher_crop_top",
		"ps": "block/pitcher_crop_side",
		"pb": "block/pitcher_crop_bottom",
		"particle": "block/pitcher_crop_top"
	},
	"elements": [
		{
			"name": "pitcher_crop_bottom_0",
			"from": [0, 0, 8],
			"to": [16, 16, 8],
			"shade": false,
			"rotation": {"angle": 45, "axis": "y", "origin": [8, 0, 8]},
			"faces": {
				"north": {"uv": [0, 0, 16, 16], "texture": "#0"},
				"south": {"uv": [0, 0, 16, 16], "texture": "#0"}
			}
		},
		{
			"name": "pitcher_crop_bottom_0",
			"from": [0, 0, 8],
			"to": [16, 16, 8],
			"shade": false,
			"rotation": {"angle": -45, "axis": "y", "origin": [8, 0, 8]},
			"faces": {
				"north": {"uv": [0, 0, 16, 16], "texture": "#0"},
				"south": {"uv": [0, 0, 16, 16], "texture": "#0"}
			}
		},
		{
			"name": "pitcher_crop_bottom_stage_2",
			"from": [8, 0, 0],
			"to": [8, 16, 16],
			"shade": false,
			"rotation": {"angle": 0, "axis": "y", "origin": [8, 0, 8]},
			"faces": {
				"east": {"uv": [0, 0, 16, 16], "texture": "#0"},
				"west": {"uv": [0, 0, 16, 16], "texture": "#0"}
			}
		},
		{
			"name": "pitcher_crop_bottom_stage_2",
			"from": [0, 0, 8],
			"to": [16, 16, 8],
			"shade": false,
			"rotation": {"angle": 0, "axis": "y", "origin": [8, 0, 8]},
			"faces": {
				"north": {"uv": [0, 0, 16, 16], "texture": "#0"},
				"south": {"uv": [0, 0, 16, 16], "texture": "#0"}
			}
		},
		{
			"name": "pitcher_crop_bottom_0",
			"from": [3, -1, 3],
			"to": [13, 5, 13],
			"faces": {
				"north": {"uv": [3, 10, 13, 16], "texture": "#ps"},
				"east": {"uv": [3, 10, 13, 16], "texture": "#ps"},
				"south": {"uv": [3, 10, 13, 16], "texture": "#ps"},
				"west": {"uv": [3, 10, 13, 16], "texture": "#ps"},
				"up": {"uv": [3, 3, 13, 13], "texture": "#pt"},
				"down": {"uv": [3, 3, 13, 13], "texture": "#pb"}
			}
		}
	]
}