{
  "type": "create:sequenced_assembly",
  "ingredient": {
    "item": "create:brass_sheet"
  },
  "transitionalItem": {
    "item": "create:brass_sheet"
  },
  "sequence": [
    {
      "type": "create:deploying",
      "ingredients": [
        {
          "item": "create:brass_sheet"
        },
        {
          "item": "create:experience_block"
        }
      ],
      "results": [
        {
          "item": "create:brass_sheet"
        }
      ]
    },
    {
      "type": "create:deploying",
      "ingredients": [
        {
          "item": "create:brass_sheet"
        },
        {
          "item": "minecraft:emerald_block"
        }
      ],
      "results": [
        {
          "item": "numismatics:cog"
        }
      ]
    },
	{
      "type": "create:filling",
      "ingredients": [
        {
          "item": "numismatics:cog"
        },
        {
          "amount": 500,
          "fluid": "minecraft:lava",
          "nbt": {}
        }
      ],
      "results": [
        {
          "item": "numismatics:cog"
        }
      ]
    },
	{
      "type": "create:pressing",
      "ingredients": [
        {
          "item": "numismatics:cog"
        }
      ],
      "results": [
        {
          "item": "numismatics:cog"
        }
      ]
    }
  ],
  "results": [
    {
      "item": "numismatics:cog"
    }
  ],
  "loops": 8
}
