{
	"credit": "Made with Blockbench",
	"ambientocclusion": false,
	"textures": {
		"1": "block/lily_pad_stem",
		"2": "block/lily_pad_flower1",
		"particle": "block/lily_pad"
	},
	"elements": [
		{
			"name": "lily_pad",
			"from": [0, -1, 0],
			"to": [16, -1, 16],
			"faces": {
				"up": {"uv": [0, 0, 16, 16], "texture": "#particle", "tintindex": 0}
			}
		},
		{
			"name": "lily_pad_down",
			"from": [1, -1, 0],
			"to": [17, -1, 16],
			"faces": {
				"down": {"uv": [0, 0, 16, 16], "rotation": 180, "texture": "#particle", "tintindex": 0}
			}
		},
		{
			"name": "lily_pad_stem",
			"from": [8.5, -6, 10],
			"to": [8.5, -1, 13],
			"faces": {
				"east": {"uv": [9, 4, 12, 9], "texture": "#1", "tintindex": 0},
				"west": {"uv": [4, 4, 7, 9], "texture": "#1", "tintindex": 0}
			}
		},
		{
			"name": "flower1",
			"from": [5, -1, 9],
			"to": [11, 3, 9],
			"rotation": {"angle": 45, "axis": "y", "origin": [8, 0, 9]},
			"faces": {
				"north": {"uv": [1, 4, 7, 8], "texture": "#2"},
				"south": {"uv": [1, 4, 7, 8], "texture": "#2"}
			}
		},
		{
			"name": "flower2",
			"from": [8, -1, 6],
			"to": [8, 3, 12],
			"rotation": {"angle": 45, "axis": "y", "origin": [8, 0, 9]},
			"faces": {
				"east": {"uv": [1, 4, 7, 8], "texture": "#2"},
				"west": {"uv": [1, 4, 7, 8], "texture": "#2"}
			}
		}
	]
}