{
  "variants": {
    "": [
      {
        "model": "minecraft:block/lily_pad0",
        "weight" : 1
      },
      {
        "model": "minecraft:block/lily_pad0",
        "y": 90,
        "weight" : 1
      },
      {
        "model": "minecraft:block/lily_pad0",
        "y": 180,
        "weight" : 1
      },
      {
        "model": "minecraft:block/lily_pad0",
        "y": 270,
        "weight" : 1
      },
      {
        "model": "minecraft:block/lily_pad1",
        "weight" : 2
      },
      {
        "model": "minecraft:block/lily_pad1",
        "y": 90,
        "weight" : 2
      },
      {
        "model": "minecraft:block/lily_pad1",
        "y": 180,
        "weight" : 2
      },
      {
        "model": "minecraft:block/lily_pad1",
        "y": 270,
        "weight" : 2
      },
      {
        "model": "minecraft:block/lily_pad2",
        "weight" : 1
      },
      {
        "model": "minecraft:block/lily_pad2",
        "y": 90,
        "weight" : 1
      },
      {
        "model": "minecraft:block/lily_pad2",
        "y": 180,
        "weight" : 1
      },
      {
        "model": "minecraft:block/lily_pad2",
        "y": 270,
        "weight" : 1
      }
    ]
  }
}