{
	"variants": {
		"": [
		{"model": "minecraft:block/dandelion"},
		{"model": "minecraft:block/dandelion_1"},
		{"model": "minecraft:block/dandelion_1", "y": 90},
		{"model": "minecraft:block/dandelion_1", "y": 180},
		{"model": "minecraft:block/dandelion_1", "y": 270},
		{"model": "minecraft:block/dandelion_2"},
		{"model": "minecraft:block/dandelion_2", "y": 90},
		{"model": "minecraft:block/dandelion_2", "y": 180},
		{"model": "minecraft:block/dandelion_2", "y": 270},
		{"model": "minecraft:block/dandelion_3"},
		{"model": "minecraft:block/dandelion_3", "y": 90},
		{"model": "minecraft:block/dandelion_3", "y": 180},
		{"model": "minecraft:block/dandelion_3", "y": 270},
		{"model": "minecraft:block/dandelion_4"},
		{"model": "minecraft:block/dandelion_4", "y": 90},
		{"model": "minecraft:block/dandelion_4", "y": 180},
		{"model": "minecraft:block/dandelion_4", "y": 270},
		{"model": "minecraft:block/dandelion_5"}]
	}
}