{
	"variants": {
		"": [
		{"model": "minecraft:block/pink_tulip"},
		{"model": "minecraft:block/pink_tulip_1"},
		{"model": "minecraft:block/pink_tulip_1", "y": 90},
		{"model": "minecraft:block/pink_tulip_1", "y": 180},
		{"model": "minecraft:block/pink_tulip_1", "y": 270},
		{"model": "minecraft:block/pink_tulip_2"},
		{"model": "minecraft:block/pink_tulip_2", "y": 90},
		{"model": "minecraft:block/pink_tulip_2", "y": 180},
		{"model": "minecraft:block/pink_tulip_2", "y": 270},
		{"model": "minecraft:block/pink_tulip_3"},
		{"model": "minecraft:block/pink_tulip_3", "y": 90},
		{"model": "minecraft:block/pink_tulip_3", "y": 180},
		{"model": "minecraft:block/pink_tulip_3", "y": 270},
		{"model": "minecraft:block/pink_tulip_4"},
		{"model": "minecraft:block/pink_tulip_4", "y": 90},
		{"model": "minecraft:block/pink_tulip_4", "y": 180},
		{"model": "minecraft:block/pink_tulip_4", "y": 270},
		{"model": "minecraft:block/pink_tulip_5"}]
	}
}